province,year,city,city_code,capacity_tons,CN_province,CN_city_name
Zhejiang ,2020,Quzhou City,330800,64680,浙江,衢州
Jiangxi ,2020,Ganzhou City,360700,10000,江西,赣州
Jiangxi ,2020,Ganzhou City,360700,40000,江西,赣州
Hubei ,2020,Jingmen City,420800,4000,湖北,荆门
Guangdong ,2020,Zhuhai City,440400,10000,广东,珠海
Henan ,2020,Luoyang City,410300,2000,河南,洛阳
Zhejiang ,2021,Quzhou City,330800,64680,浙江,衢州
Jiangxi ,2021,Ganzhou City,360700,10000,江西,赣州
Jiangxi ,2021,Ganzhou City,360700,40000,江西,赣州
Hubei ,2021,Jingmen City,420800,100000,湖北,荆门
Guangdong ,2021,Zhuhai City,440400,10000,广东,珠海
Henan ,2021,Luoyang City,410300,2000,河南,洛阳
Guangdong ,2021,Zhuhai City,440400,30000,广东,珠海
Hunan ,2021,Zhuzhou City,430200,530,湖南,株洲
Hunan ,2021,Yueyang City,430600,3262,湖南,岳阳
Hunan ,2021,Changsha City,430100,50000,湖南,长沙
Hunan ,2021,Changsha City,430100,50000,湖南,长沙
Jiangxi ,2021,Ganzhou City,360700,13000,江西,赣州
Jiangxi ,2021,Ganzhou City,360700,20000,江西,赣州
Zhejiang ,2022,Huzhou City,330500,25000,浙江,湖州
Zhejiang ,2022,Lishui City,331100,15000,浙江,丽水
Zhejiang ,2022,Jinhua City,330700,30000,浙江,金华
Zhejiang ,2022,Hangzhou City,330100,14000,浙江,杭州
Zhejiang ,2022,Hangzhou City,330100,51320,浙江,杭州
Zhejiang ,2022,Quzhou City,330800,64680,浙江,衢州
Jiangxi ,2022,Ganzhou City,360700,10000,江西,赣州
Jiangxi ,2022,Ganzhou City,360700,40000,江西,赣州
Hubei ,2022,Jingmen City,420800,100000,湖北,荆门
Guangdong ,2022,Zhuhai City,440400,10000,广东,珠海
Henan ,2022,Luoyang City,410300,2000,河南,洛阳
Guangdong ,2022,Zhuhai City,440400,30000,广东,珠海
Hunan ,2022,Changsha City,430100,530,湖南,长沙
Hunan ,2022,Changsha City,430100,3262,湖南,长沙
Hunan ,2022,Changsha City,430100,50000,湖南,长沙
Hunan ,2022,Changsha City,430100,50000,湖南,长沙
Jiangxi ,2022,Ganzhou City,360700,13000,江西,赣州
Jiangxi ,2022,Ganzhou City,360700,20000,江西,赣州
Guangdong ,2022,Shenzhen City,440300,3000,广东,深圳
Jiangxi ,2022,Ganzhou City,360700,36000,江西,赣州
Jiangxi ,2022,Xinyu City,360500,30000,江西,新余
Jiangxi ,2022,Pingxiang City,360300,5000,江西,萍乡
Jiangxi ,2022,Shangrao City,361100,5000,江西,上饶
Jiangxi ,2022,Yichun City (Jiangxi),360900,30000,江西,宜春
Hunan ,2022,Hengyang City,430400,4416,湖南,衡阳
Hubei ,2022,Xiangyang City,420600,10000,湖北,襄阳
Guangdong ,2022,Shaoguan City,440200,3000,广东,韶关
Guizhou ,2022,Qiannan Buyi and Miao Autonomous Prefecture,522700,34000,贵州,黔南布依族苗族自治州
Anhui ,2022,Chuzhou City,341100,31000,安徽,滁州
Jiangsu ,2022,Wuxi City,320200,16000,江苏,无锡
Shaanxi ,2022,Yulin City (Shaanxi）,610800,15000,陕西,榆林
Fujian ,2022,Ningde City,350900,12000,福建,宁德
Henan ,2022,Zhengzhou City,410100,8000,河南,郑州
Gansu ,2022,Lanzhou City,620100,500,甘肃,兰州
Ningxia,2022,Yinchuan City,640100,100000,宁夏,银川
Sichuan ,2022,Suining City,510900,100000,四川,遂宁
Zhejiang ,2023,Huzhou City,330500,25000,浙江,湖州
Zhejiang ,2023,Lishui City,331100,15000,浙江,丽水
Zhejiang ,2023,Jinhua City,330700,30000,浙江,金华
Zhejiang ,2023,Hangzhou City,330100,14000,浙江,杭州
Zhejiang ,2023,Hangzhou City,330100,51320,浙江,杭州
Zhejiang ,2023,Quzhou City,330800,64680,浙江,衢州
Jiangxi ,2023,Ganzhou City,360700,10000,江西,赣州
Jiangxi ,2023,Ganzhou City,360700,40000,江西,赣州
Hubei ,2023,Jingmen City,420800,100000,湖北,荆门
Guangdong ,2023,Zhuhai City,440400,10000,广东,珠海
Henan ,2023,Luoyang City,410300,2000,河南,洛阳
Guangdong ,2023,Zhuhai City,440400,30000,广东,珠海
Hunan ,2023,Changsha City,430100,530,湖南,长沙
Hunan ,2023,Changsha City,430100,3262,湖南,长沙
Hunan ,2023,Changsha City,430100,50000,湖南,长沙
Hunan ,2023,Changsha City,430100,50000,湖南,长沙
Jiangxi ,2023,Ganzhou City,360700,13000,江西,赣州
Jiangxi ,2023,Ganzhou City,360700,20000,江西,赣州
Guangdong ,2023,Shenzhen City,440300,3000,广东,深圳
Jiangxi ,2023,Ganzhou City,360700,36000,江西,赣州
Jiangxi ,2023,Xinyu City,360500,30000,江西,新余
Jiangxi ,2023,Pingxiang City,360300,5000,江西,萍乡
Jiangxi ,2023,Shangrao City,361100,5000,江西,上饶
Jiangxi ,2023,Yichun City (Jiangxi),360900,30000,江西,宜春
Hunan ,2023,Hengyang City,430400,4416,湖南,衡阳
Hubei ,2023,Xiangyang City,420600,10000,湖北,襄阳
Guangdong ,2023,Shaoguan City,440200,3000,广东,韶关
Guizhou ,2023,Qiannan Buyi and Miao Autonomous Prefecture,522700,34000,贵州,黔南布依族苗族自治州
Anhui ,2023,Chuzhou City,341100,31000,安徽,滁州
Jiangsu ,2023,Wuxi City,320200,16000,江苏,无锡
Shaanxi ,2023,Yulin City (Shaanxi）,610800,15000,陕西,榆林
Fujian ,2023,Ningde City,350900,12000,福建,宁德
Henan ,2023,Zhengzhou City,410100,8000,河南,郑州
Gansu ,2023,Lanzhou City,620100,500,甘肃,兰州
Ningxia,2023,Yinchuan City,640100,100000,宁夏,银川
Sichuan ,2023,Suining City,510900,100000,四川,遂宁
Gansu ,2023,Jinchang City,620300,50000,甘肃,金昌
Gansu ,2023,Baiyin City,620400,800,甘肃,白银
Hubei ,2023,Jingmen City,420800,45000,湖北,荆门
Hunan ,2023,Changsha City,430100,120000,湖南,长沙
Anhui ,2023,Wuhu City,340200,500,安徽,芜湖
Anhui ,2023,Fuyang City,341200,11250,安徽,阜阳
Anhui ,2023,Fuyang City,341200,11250,安徽,阜阳
Anhui ,2023,Lu'an City,341500,12000,安徽,六安
Anhui ,2023,Lu'an City,341500,12000,安徽,六安
Fujian ,2023,Longyan City,350800,12570,福建,龙岩
Gansu ,2023,Lanzhou City,620100,5000,甘肃,兰州
Guangdong ,2023,Foshan City,440600,3000,广东,佛山
Guangxi ,2023,Qinzhou City,450700,10000,广西,钦州
Henan ,2023,Xinxiang City,410700,100000,河南,新乡
Hubei ,2023,Xiangyang City,420600,10000,湖北,襄阳
Hunan ,2023,Zhuzhou City,430200,6000,湖南,株洲
Hunan ,2023,Changsha City,430100,10000,湖南,长沙
Hunan ,2023,Hengyang City,430400,17000,湖南,衡阳
Hunan ,2023,Changde City,430700,100000,湖南,常德
Hunan ,2023,Changsha City,430100,100000,湖南,长沙
Jilin ,2023,Yanbian Korean Autonomous Prefecture,222400,60000,吉林,延边
Jiangxi ,2023,Ganzhou City,360700,25000,江西,赣州
Jiangxi ,2023,Yichun City (Jiangxi),360900,40000,江西,宜春
Jiangxi ,2023,Ganzhou City,360700,13000,江西,赣州
Jiangxi ,2023,Ganzhou City,360700,10000,江西,赣州
Jiangxi ,2023,Ganzhou City,360700,5000,江西,赣州
Jiangxi ,2023,Ganzhou City,360700,30000,江西,赣州
Jiangxi ,2023,Ganzhou City,360700,6000,江西,赣州
Jiangxi ,2023,Yichun City (Jiangxi),360900,10000,江西,宜春
Jiangxi ,2023,Shangrao City,361100,30000,江西,上饶
Shanghai,2023,Shanghai City,310000,10000,上海,上海
Yunnan ,2023,Qujing City,530300,10000,云南,曲靖
Guangdong ,2023,Foshan City,440600,120000,广东,佛山
Henan ,2024,Sanmenxia City,411200,30000,河南,三门峡
Hunan ,2024,Changsha City,430100,100000,湖南,长沙
Fujian ,2024,Longyan City,350800,52570,福建,龙岩
Guangxi ,2024,Nanning City,450100,15300,广西,南宁
Guizhou ,2024,Tongren City,520600,6000,贵州,铜仁
Jiangxi ,2024,Yichun City (Jiangxi),360900,12000,江西,宜春
Sichuan ,2024,Zigong City,510300,30000,四川,自贡
Anhui ,2024,Chizhou City,341700,80000,安徽,池州
Jiangxi ,2024,Jiujiang City,360400,20000,江西,九江
Hunan ,2024,Changsha City,430100,4000,湖南,长沙
Jiangxi ,2024,Ganzhou City,360700,30000,江西,赣州
Hubei ,2024,Jingzhou City,421000,15000,湖北,荆州
Zhejiang ,2024,Huzhou City,330500,25000,浙江,湖州
Zhejiang ,2024,Lishui City,331100,15000,浙江,丽水
Zhejiang ,2024,Jinhua City,330700,30000,浙江,金华
Zhejiang ,2024,Hangzhou City,330100,14000,浙江,杭州
Zhejiang ,2024,Hangzhou City,330100,51320,浙江,杭州
Zhejiang ,2024,Quzhou City,330800,64680,浙江,衢州
Jiangxi ,2024,Ganzhou City,360700,10000,江西,赣州
Jiangxi ,2024,Ganzhou City,360700,40000,江西,赣州
Hubei ,2024,Jingmen City,420800,100000,湖北,荆门
Guangdong ,2024,Zhuhai City,440400,10000,广东,珠海
Henan ,2024,Luoyang City,410300,2000,河南,洛阳
Guangdong ,2024,Zhuhai City,440400,30000,广东,珠海
Hunan ,2024,Changsha City,430100,530,湖南,长沙
Hunan ,2024,Changsha City,430100,3262,湖南,长沙
Hunan ,2024,Changsha City,430100,50000,湖南,长沙
Hunan ,2024,Changsha City,430100,50000,湖南,长沙
Jiangxi ,2024,Ganzhou City,360700,13000,江西,赣州
Jiangxi ,2024,Ganzhou City,360700,20000,江西,赣州
Guangdong ,2024,Shenzhen City,440300,3000,广东,深圳
Jiangxi ,2024,Ganzhou City,360700,36000,江西,赣州
Jiangxi ,2024,Xinyu City,360500,30000,江西,新余
Jiangxi ,2024,Pingxiang City,360300,5000,江西,萍乡
Jiangxi ,2024,Shangrao City,361100,5000,江西,上饶
Jiangxi ,2024,Yichun City (Jiangxi),360900,30000,江西,宜春
Hunan ,2024,Hengyang City,430400,4416,湖南,衡阳
Hubei ,2024,Xiangyang City,420600,10000,湖北,襄阳
Guangdong ,2024,Shaoguan City,440200,3000,广东,韶关
Guizhou ,2024,Qiannan Buyi and Miao Autonomous Prefecture,522700,34000,贵州,黔南布依族苗族自治州
Anhui ,2024,Chuzhou City,341100,31000,安徽,滁州
Jiangsu ,2024,Wuxi City,320200,16000,江苏,无锡
Shaanxi ,2024,Yulin City (Shaanxi）,610800,15000,陕西,榆林
Fujian ,2024,Ningde City,350900,12000,福建,宁德
Henan ,2024,Zhengzhou City,410100,8000,河南,郑州
Gansu ,2024,Lanzhou City,620100,500,甘肃,兰州
Ningxia,2024,Yinchuan City,640100,100000,宁夏,银川
Sichuan ,2024,Suining City,510900,100000,四川,遂宁
Gansu ,2024,Jinchang City,620300,50000,甘肃,金昌
Gansu ,2024,Baiyin City,620400,800,甘肃,白银
Hubei ,2024,Jingmen City,420800,45000,湖北,荆门
Hunan ,2024,Changsha City,430100,120000,湖南,长沙
Anhui ,2024,Wuhu City,340200,500,安徽,芜湖
Anhui ,2024,Fuyang City,341200,11250,安徽,阜阳
Anhui ,2024,Fuyang City,341200,11250,安徽,阜阳
Anhui ,2024,Lu'an City,341500,12000,安徽,六安
Anhui ,2024,Lu'an City,341500,12000,安徽,六安
Fujian ,2024,Longyan City,350800,12570,福建,龙岩
Gansu ,2024,Lanzhou City,620100,5000,甘肃,兰州
Guangdong ,2024,Foshan City,440600,3000,广东,佛山
Guangxi ,2024,Qinzhou City,450700,10000,广西,钦州
Henan ,2024,Xinxiang City,410700,100000,河南,新乡
Hubei ,2024,Xiangyang City,420600,10000,湖北,襄阳
Hunan ,2024,Zhuzhou City,430200,6000,湖南,株洲
Hunan ,2024,Changsha City,430100,10000,湖南,长沙
Hunan ,2024,Hengyang City,430400,17000,湖南,衡阳
Hunan ,2024,Changde City,430700,100000,湖南,常德
Hunan ,2024,Changsha City,430100,100000,湖南,长沙
Jilin ,2024,Yanbian Korean Autonomous Prefecture,222400,60000,吉林,延边
Jiangxi ,2024,Ganzhou City,360700,25000,江西,赣州
Jiangxi ,2024,Yichun City (Jiangxi),360900,40000,江西,宜春
Jiangxi ,2024,Ganzhou City,360700,13000,江西,赣州
Jiangxi ,2024,Ganzhou City,360700,10000,江西,赣州
Jiangxi ,2024,Ganzhou City,360700,5000,江西,赣州
Jiangxi ,2024,Ganzhou City,360700,30000,江西,赣州
Jiangxi ,2024,Ganzhou City,360700,6000,江西,赣州
Jiangxi ,2024,Yichun City (Jiangxi),360900,10000,江西,宜春
Jiangxi ,2024,Shangrao City,361100,30000,江西,上饶
Shanghai,2024,Shanghai City,310000,10000,上海,上海
Yunnan ,2024,Qujing City,530300,10000,云南,曲靖
Guangdong ,2024,Foshan City,440600,120000,广东,佛山
Guangdong ,2025,Zhaoqing City,441200,78000,广东,肇庆
Guangxi ,2025,Nanning City,450100,46300,广西,南宁
Hunan ,2025,Changsha City,430100,100000,湖南,长沙
Fujian ,2025,Nanping City,350700,20000,福建,南平
Hubei ,2025,Jingmen City,420800,70000,湖北,荆门
Hunan ,2025,Hengyang City,430400,20000,湖南,衡阳
Shandong ,2025,Linyi City,371300,50000,山东,临沂
Jiangxi ,2025,Ganzhou City,360700,10000,江西,赣州
Anhui ,2025,Fuyang City,341200,20000,安徽,阜阳
Chongqing,2025,Chongqing City,500000,30000,重庆,重庆
Jiangsu ,2025,Suzhou City (Jiangsu),320500,10000,江苏,苏州
Hebei ,2025,Cangzhou City,130900,60000,河北,沧州
Jiangxi ,2025,Jiujiang City,360400,30000,江西,九江
Hubei ,2025,Jingmen City,420800,30000,湖北,荆门
Anhui ,2025,Chizhou City,341700,100000,安徽,池州
Shanxi ,2025,Yuncheng City,140800,40000,山西,运城
Shanxi ,2025,Yuncheng City,140800,50000,山西,运城
Anhui ,2025,Huaibei City,340600,40000,安徽,淮北
Anhui ,2025,Wuhu City,340200,10000,安徽,芜湖
Anhui ,2025,Fuyang City,341200,8000,安徽,阜阳
Anhui ,2025,Fuyang City,341200,4000,安徽,阜阳
Jiangxi ,2025,Ganzhou City,360700,8000,江西,赣州
Shandong ,2025,Dezhou City,371400,10000,山东,德州
Shandong ,2025,Dezhou City,371400,10000,山东,德州
Jiangxi ,2025,Ganzhou City,360700,78000,江西,赣州
Hubei ,2025,Xiantao City,429004,20000,湖北,仙桃
Anhui ,2025,Fuyang City,341200,7200,安徽,阜阳
Anhui ,2025,Fuyang City,341200,6800,安徽,阜阳
Hunan ,2025,Yiyang City,430900,2000,湖南,益阳
Hunan ,2025,Huaihua City,431200,25000,湖南,怀化
Hunan ,2025,Huaihua City,431200,25000,湖南,怀化
Jiangxi ,2025,Ganzhou City,360700,50000,江西,赣州
Sichuan ,2025,Suining City,510900,100000,四川,遂宁
Shandong ,2025,Tai'an City,370900,10000,山东,泰安
Guangdong ,2025,Zhuhai City,440400,50000,广东,珠海
Hunan ,2025,Yueyang City,430600,10000,湖南,岳阳
Shanxi ,2025,Lvliang City,141100,50000,山西,吕梁
Hubei ,2025,Wuhan City,420100,20000,湖北,武汉
Guangdong ,2025,Guangzhou City,440100,15000,广东,广州
Guangdong ,2025,Jiangmen City,440700,300000,广东,江门
Sichuan ,2025,Yibin City,511500,100000,四川,宜宾
Shandong ,2025,Linyi City,371300,60000,山东,临沂
Inner Mongolia,2025,Ulanqab City,150900,25000,内蒙古,乌兰察布
Chongqing,2025,Chongqing City,500000,50000,重庆,重庆
Jiangsu ,2025,Lianyungang City,320700,8000,江苏,连云港
Guangdong ,2025,Huizhou City,441300,80000,广东,惠州
Guangxi ,2025,Nanning City,450100,70000,广西,南宁
Jiangxi ,2025,Ganzhou City,360700,150000,江西,赣州
Hunan ,2025,Chenzhou City,431000,100000,湖南,郴州
Anhui ,2025,Hefei City,340100,6000,安徽,合肥
Guangdong ,2025,Shaoguan City,440200,8000,广东,韶关
Henan ,2025,Sanmenxia City,411200,30000,河南,三门峡
Hunan ,2025,Changsha City,430100,100000,湖南,长沙
Fujian ,2025,Longyan City,350800,52570,福建,龙岩
Guangxi ,2025,Nanning City,450100,15300,广西,南宁
Guizhou ,2025,Tongren City,520600,6000,贵州,铜仁
Jiangxi ,2025,Yichun City (Jiangxi),360900,12000,江西,宜春
Sichuan ,2025,Zigong City,510300,30000,四川,自贡
Anhui ,2025,Chizhou City,341700,80000,安徽,池州
Jiangxi ,2025,Jiujiang City,360400,20000,江西,九江
Hunan ,2025,Changsha City,430100,4000,湖南,长沙
Jiangxi ,2025,Ganzhou City,360700,30000,江西,赣州
Hubei ,2025,Jingzhou City,421000,15000,湖北,荆州
Zhejiang ,2025,Huzhou City,330500,25000,浙江,湖州
Zhejiang ,2025,Lishui City,331100,15000,浙江,丽水
Zhejiang ,2025,Jinhua City,330700,30000,浙江,金华
Zhejiang ,2025,Hangzhou City,330100,14000,浙江,杭州
Zhejiang ,2025,Hangzhou City,330100,51320,浙江,杭州
Zhejiang ,2025,Quzhou City,330800,64680,浙江,衢州
Jiangxi ,2025,Ganzhou City,360700,10000,江西,赣州
Jiangxi ,2025,Ganzhou City,360700,40000,江西,赣州
Hubei ,2025,Jingmen City,420800,100000,湖北,荆门
Guangdong ,2025,Zhuhai City,440400,10000,广东,珠海
Henan ,2025,Luoyang City,410300,2000,河南,洛阳
Guangdong ,2025,Zhuhai City,440400,30000,广东,珠海
Hunan ,2025,Changsha City,430100,530,湖南,长沙
Hunan ,2025,Changsha City,430100,3262,湖南,长沙
Hunan ,2025,Changsha City,430100,50000,湖南,长沙
Hunan ,2025,Changsha City,430100,50000,湖南,长沙
Jiangxi ,2025,Ganzhou City,360700,13000,江西,赣州
Jiangxi ,2025,Ganzhou City,360700,20000,江西,赣州
Guangdong ,2025,Shenzhen City,440300,3000,广东,深圳
Jiangxi ,2025,Ganzhou City,360700,36000,江西,赣州
Jiangxi ,2025,Xinyu City,360500,30000,江西,新余
Jiangxi ,2025,Pingxiang City,360300,5000,江西,萍乡
Jiangxi ,2025,Shangrao City,361100,5000,江西,上饶
Jiangxi ,2025,Yichun City (Jiangxi),360900,30000,江西,宜春
Hunan ,2025,Hengyang City,430400,4416,湖南,衡阳
Hubei ,2025,Xiangyang City,420600,10000,湖北,襄阳
Guangdong ,2025,Shaoguan City,440200,3000,广东,韶关
Guizhou ,2025,Qiannan Buyi and Miao Autonomous Prefecture,522700,34000,贵州,黔南布依族苗族自治州
Anhui ,2025,Chuzhou City,341100,31000,安徽,滁州
Jiangsu ,2025,Wuxi City,320200,16000,江苏,无锡
Shaanxi ,2025,Yulin City (Shaanxi）,610800,15000,陕西,榆林
Fujian ,2025,Ningde City,350900,12000,福建,宁德
Henan ,2025,Zhengzhou City,410100,8000,河南,郑州
Gansu ,2025,Lanzhou City,620100,500,甘肃,兰州
Ningxia,2025,Yinchuan City,640100,100000,宁夏,银川
Sichuan ,2025,Suining City,510900,100000,四川,遂宁
Gansu ,2025,Jinchang City,620300,50000,甘肃,金昌
Gansu ,2025,Baiyin City,620400,800,甘肃,白银
Hubei ,2025,Jingmen City,420800,45000,湖北,荆门
Hunan ,2025,Changsha City,430100,120000,湖南,长沙
Anhui ,2025,Wuhu City,340200,500,安徽,芜湖
Anhui ,2025,Fuyang City,341200,11250,安徽,阜阳
Anhui ,2025,Fuyang City,341200,11250,安徽,阜阳
Anhui ,2025,Lu'an City,341500,12000,安徽,六安
Anhui ,2025,Lu'an City,341500,12000,安徽,六安
Fujian ,2025,Longyan City,350800,12570,福建,龙岩
Gansu ,2025,Lanzhou City,620100,5000,甘肃,兰州
Guangdong ,2025,Foshan City,440600,3000,广东,佛山
Guangxi ,2025,Qinzhou City,450700,10000,广西,钦州
Henan ,2025,Xinxiang City,410700,100000,河南,新乡
Hubei ,2025,Xiangyang City,420600,10000,湖北,襄阳
Hunan ,2025,Zhuzhou City,430200,6000,湖南,株洲
Hunan ,2025,Changsha City,430100,10000,湖南,长沙
Hunan ,2025,Hengyang City,430400,17000,湖南,衡阳
Hunan ,2025,Changde City,430700,100000,湖南,常德
Hunan ,2025,Changsha City,430100,100000,湖南,长沙
Jilin ,2025,Yanbian Korean Autonomous Prefecture,222400,60000,吉林,延边
Jiangxi ,2025,Ganzhou City,360700,25000,江西,赣州
Jiangxi ,2025,Yichun City (Jiangxi),360900,40000,江西,宜春
Jiangxi ,2025,Ganzhou City,360700,13000,江西,赣州
Jiangxi ,2025,Ganzhou City,360700,10000,江西,赣州
Jiangxi ,2025,Ganzhou City,360700,5000,江西,赣州
Jiangxi ,2025,Ganzhou City,360700,30000,江西,赣州
Jiangxi ,2025,Ganzhou City,360700,6000,江西,赣州
Jiangxi ,2025,Yichun City (Jiangxi),360900,10000,江西,宜春
Jiangxi ,2025,Shangrao City,361100,30000,江西,上饶
Shanghai,2025,Shanghai City,310000,10000,上海,上海
Yunnan ,2025,Qujing City,530300,10000,云南,曲靖
Guangdong ,2025,Foshan City,440600,120000,广东,佛山
Jiangxi ,2026,Yichun City (Jiangxi),360900,40000,江西,宜春
Guangdong ,2026,Guangzhou City,440100,10000,广东,广州
Guangdong ,2026,Jiangmen City,440700,100000,广东,江门
Shandong ,2026,Binzhou City,371600,8000,山东,滨州
Anhui ,2026,Lu'an City,341500,12000,安徽,六安
Anhui ,2026,Lu'an City,341500,12000,安徽,六安
Jiangxi ,2026,Shangrao City,361100,40000,江西,上饶
Hubei ,2026,Jingmen City,420800,10000,湖北,荆门
Anhui ,2026,Ma'anshan City,340500,20000,安徽,马鞍山
Anhui ,2026,Ma'anshan City,340500,10000,安徽,马鞍山
Hunan ,2026,Yueyang City,430600,17750,湖南,岳阳
Anhui ,2026,Fuyang City,341200,10000,安徽,阜阳
Henan ,2026,Pingdingshan City,410400,10000,河南,平顶山
Henan ,2026,Pingdingshan City,410400,10000,河南,平顶山
Anhui ,2026,Ma'anshan City,340500,20000,安徽,马鞍山
Anhui ,2026,Ma'anshan City,340500,10000,安徽,马鞍山
Guangdong ,2026,Jieyang City,445200,35000,广东,揭阳
Hubei ,2026,Yichang City,420500,100000,湖北,宜昌
Shaanxi ,2026,Tongchuan City,610200,10000,陕西,铜川
Fujian ,2026,Nanping City,350700,18000,福建,南平
Guizhou ,2026,Zunyi City ,520300,40000,贵州,遵义
Hunan ,2026,Yiyang City,430900,30000,湖南,益阳
Inner Mongolia,2026,Ulanqab City,150900,2000,内蒙古,乌兰察布
Fujian ,2026,Longyan City,350800,10000,福建,龙岩
Guangdong ,2026,Meizhou City,441400,10000,广东,梅州
Shandong ,2026,Linyi City,371300,60000,山东,临沂
Anhui ,2026,Huaibei City,340600,50000,安徽,淮北
Hunan ,2026,Changsha City,430100,7000,湖南,长沙
Shandong ,2026,Linyi City,371300,60000,山东,临沂
Hebei ,2026,Cangzhou City,130900,60000,河北,沧州
Fujian ,2026,Longyan City,350800,40000,福建,龙岩
Guangxi ,2026,Guilin City,450300,50000,广西,桂林
Guangxi ,2026,Guilin City,450300,50000,广西,桂林
Guangdong ,2026,Zhaoqing City,441200,78000,广东,肇庆
Guangxi ,2026,Nanning City,450100,46300,广西,南宁
Hunan ,2026,Changsha City,430100,100000,湖南,长沙
Fujian ,2026,Nanping City,350700,20000,福建,南平
Hubei ,2026,Jingmen City,420800,70000,湖北,荆门
Hunan ,2026,Hengyang City,430400,20000,湖南,衡阳
Shandong ,2026,Linyi City,371300,50000,山东,临沂
Jiangxi ,2026,Ganzhou City,360700,10000,江西,赣州
Anhui ,2026,Fuyang City,341200,20000,安徽,阜阳
Chongqing,2026,Chongqing City,500000,30000,重庆,重庆
Jiangsu ,2026,Suzhou City (Jiangsu),320500,10000,江苏,苏州
Hebei ,2026,Cangzhou City,130900,60000,河北,沧州
Jiangxi ,2026,Jiujiang City,360400,30000,江西,九江
Hubei ,2026,Jingmen City,420800,30000,湖北,荆门
Anhui ,2026,Chizhou City,341700,100000,安徽,池州
Shanxi ,2026,Yuncheng City,140800,40000,山西,运城
Shanxi ,2026,Yuncheng City,140800,50000,山西,运城
Anhui ,2026,Huaibei City,340600,40000,安徽,淮北
Anhui ,2026,Wuhu City,340200,10000,安徽,芜湖
Anhui ,2026,Fuyang City,341200,8000,安徽,阜阳
Anhui ,2026,Fuyang City,341200,4000,安徽,阜阳
Jiangxi ,2026,Ganzhou City,360700,8000,江西,赣州
Shandong ,2026,Dezhou City,371400,10000,山东,德州
Shandong ,2026,Dezhou City,371400,10000,山东,德州
Jiangxi ,2026,Ganzhou City,360700,78000,江西,赣州
Hubei ,2026,Xiantao City,429004,20000,湖北,仙桃
Anhui ,2026,Fuyang City,341200,7200,安徽,阜阳
Anhui ,2026,Fuyang City,341200,6800,安徽,阜阳
Hunan ,2026,Yiyang City,430900,2000,湖南,益阳
Hunan ,2026,Huaihua City,431200,25000,湖南,怀化
Hunan ,2026,Huaihua City,431200,25000,湖南,怀化
Jiangxi ,2026,Ganzhou City,360700,50000,江西,赣州
Sichuan ,2026,Suining City,510900,100000,四川,遂宁
Shandong ,2026,Tai'an City,370900,10000,山东,泰安
Guangdong ,2026,Zhuhai City,440400,50000,广东,珠海
Hunan ,2026,Yueyang City,430600,10000,湖南,岳阳
Shanxi ,2026,Lvliang City,141100,50000,山西,吕梁
Hubei ,2026,Wuhan City,420100,20000,湖北,武汉
Guangdong ,2026,Guangzhou City,440100,15000,广东,广州
Guangdong ,2026,Jiangmen City,440700,300000,广东,江门
Sichuan ,2026,Yibin City,511500,100000,四川,宜宾
Shandong ,2026,Linyi City,371300,60000,山东,临沂
Inner Mongolia,2026,Ulanqab City,150900,25000,内蒙古,乌兰察布
Chongqing,2026,Chongqing City,500000,50000,重庆,重庆
Jiangsu ,2026,Lianyungang City,320700,8000,江苏,连云港
Guangdong ,2026,Huizhou City,441300,80000,广东,惠州
Guangxi ,2026,Nanning City,450100,70000,广西,南宁
Jiangxi ,2026,Ganzhou City,360700,150000,江西,赣州
Hunan ,2026,Chenzhou City,431000,100000,湖南,郴州
Anhui ,2026,Hefei City,340100,6000,安徽,合肥
Guangdong ,2026,Shaoguan City,440200,8000,广东,韶关
Henan ,2026,Sanmenxia City,411200,30000,河南,三门峡
Hunan ,2026,Changsha City,430100,100000,湖南,长沙
Fujian ,2026,Longyan City,350800,52570,福建,龙岩
Guangxi ,2026,Nanning City,450100,15300,广西,南宁
Guizhou ,2026,Tongren City,520600,6000,贵州,铜仁
Jiangxi ,2026,Yichun City (Jiangxi),360900,12000,江西,宜春
Sichuan ,2026,Zigong City,510300,30000,四川,自贡
Anhui ,2026,Chizhou City,341700,60000,安徽,池州
Jiangxi ,2026,Jiujiang City,360400,20000,江西,九江
Hunan ,2026,Changsha City,430100,4000,湖南,长沙
Jiangxi ,2026,Ganzhou City,360700,30000,江西,赣州
Hubei ,2026,Jingzhou City,421000,15000,湖北,荆州
Zhejiang ,2026,Huzhou City,330500,25000,浙江,湖州
Zhejiang ,2026,Lishui City,331100,15000,浙江,丽水
Zhejiang ,2026,Jinhua City,330700,30000,浙江,金华
Zhejiang ,2026,Hangzhou City,330100,14000,浙江,杭州
Zhejiang ,2026,Hangzhou City,330100,51320,浙江,杭州
Zhejiang ,2026,Quzhou City,330800,64680,浙江,衢州
Jiangxi ,2026,Ganzhou City,360700,10000,江西,赣州
Jiangxi ,2026,Ganzhou City,360700,40000,江西,赣州
Hubei ,2026,Jingmen City,420800,100000,湖北,荆门
Guangdong ,2026,Zhuhai City,440400,10000,广东,珠海
Henan ,2026,Luoyang City,410300,2000,河南,洛阳
Guangdong ,2026,Zhuhai City,440400,30000,广东,珠海
Hunan ,2026,Changsha City,430100,530,湖南,长沙
Hunan ,2026,Changsha City,430100,3262,湖南,长沙
Hunan ,2026,Changsha City,430100,50000,湖南,长沙
Hunan ,2026,Changsha City,430100,50000,湖南,长沙
Jiangxi ,2026,Ganzhou City,360700,13000,江西,赣州
Jiangxi ,2026,Ganzhou City,360700,20000,江西,赣州
Guangdong ,2026,Shenzhen City,440300,3000,广东,深圳
Jiangxi ,2026,Ganzhou City,360700,36000,江西,赣州
Jiangxi ,2026,Xinyu City,360500,30000,江西,新余
Jiangxi ,2026,Pingxiang City,360300,5000,江西,萍乡
Jiangxi ,2026,Shangrao City,361100,5000,江西,上饶
Jiangxi ,2026,Yichun City (Jiangxi),360900,30000,江西,宜春
Hunan ,2026,Hengyang City,430400,4416,湖南,衡阳
Hubei ,2026,Xiangyang City,420600,10000,湖北,襄阳
Guangdong ,2026,Shaoguan City,440200,3000,广东,韶关
Guizhou ,2026,Qiannan Buyi and Miao Autonomous Prefecture,522700,34000,贵州,黔南布依族苗族自治州
Anhui ,2026,Chuzhou City,341100,31000,安徽,滁州
Jiangsu ,2026,Wuxi City,320200,16000,江苏,无锡
Shaanxi ,2026,Yulin City (Shaanxi）,610800,15000,陕西,榆林
Fujian ,2026,Ningde City,350900,12000,福建,宁德
Henan ,2026,Zhengzhou City,410100,8000,河南,郑州
Gansu ,2026,Lanzhou City,620100,500,甘肃,兰州
Ningxia,2026,Yinchuan City,640100,100000,宁夏,银川
Sichuan ,2026,Suining City,510900,100000,四川,遂宁
Gansu ,2026,Jinchang City,620300,50000,甘肃,金昌
Gansu ,2026,Baiyin City,620400,800,甘肃,白银
Hubei ,2026,Jingmen City,420800,45000,湖北,荆门
Hunan ,2026,Changsha City,430100,120000,湖南,长沙
Anhui ,2026,Wuhu City,340200,500,安徽,芜湖
Anhui ,2026,Fuyang City,341200,11250,安徽,阜阳
Anhui ,2026,Fuyang City,341200,11250,安徽,阜阳
Anhui ,2026,Lu'an City,341500,12000,安徽,六安
Anhui ,2026,Lu'an City,341500,12000,安徽,六安
Fujian ,2026,Longyan City,350800,12570,福建,龙岩
Gansu ,2026,Lanzhou City,620100,5000,甘肃,兰州
Guangdong ,2026,Foshan City,440600,3000,广东,佛山
Guangxi ,2026,Qinzhou City,450700,10000,广西,钦州
Henan ,2026,Xinxiang City,410700,100000,河南,新乡
Hubei ,2026,Xiangyang City,420600,10000,湖北,襄阳
Hunan ,2026,Zhuzhou City,430200,6000,湖南,株洲
Hunan ,2026,Changsha City,430100,10000,湖南,长沙
Hunan ,2026,Hengyang City,430400,17000,湖南,衡阳
Hunan ,2026,Changde City,430700,100000,湖南,常德
Hunan ,2026,Changsha City,430100,100000,湖南,长沙
Jilin ,2026,Yanbian Korean Autonomous Prefecture,222400,60000,吉林,延边
Jiangxi ,2026,Ganzhou City,360700,25000,江西,赣州
Jiangxi ,2026,Yichun City (Jiangxi),360900,40000,江西,宜春
Jiangxi ,2026,Ganzhou City,360700,13000,江西,赣州
Jiangxi ,2026,Ganzhou City,360700,10000,江西,赣州
Jiangxi ,2026,Ganzhou City,360700,5000,江西,赣州
Jiangxi ,2026,Ganzhou City,360700,30000,江西,赣州
Jiangxi ,2026,Ganzhou City,360700,6000,江西,赣州
Jiangxi ,2026,Yichun City (Jiangxi),360900,10000,江西,宜春
Jiangxi ,2026,Shangrao City,361100,30000,江西,上饶
Shanghai,2026,Shanghai City,310000,10000,上海,上海
Yunnan ,2026,Qujing City,530300,10000,云南,曲靖
Guangdong ,2026,Foshan City,440600,120000,广东,佛山
Anhui ,2027,Chizhou City,341700,10000,安徽,池州
Hubei ,2027,Xiangyang City,420600,15000,湖北,襄阳
Fujian ,2027,Fuzhou City (Fujian),350100,50000,福建,福州
Fujian ,2027,Longyan City,350800,150000,福建,龙岩
Fujian ,2027,Ningde City,350900,20000,福建,宁德
Sichuan ,2027,Zigong City,510300,60000,四川,自贡
Shandong ,2027,Linyi City,371300,40000,山东,临沂
Hunan ,2027,Hengyang City,430400,13000,湖南,衡阳
Chongqing,2027,Chongqing City,500000,150000,重庆,重庆
Jiangsu ,2027,Huai'an City,320800,30000,江苏,淮安
Shandong ,2027,Zibo City,370300,40000,山东,淄博
Guangdong ,2027,Huizhou City,441300,35000,广东,惠州
Shandong ,2027,Dezhou City,371400,5000,山东,德州
Hunan ,2027,Chenzhou City,431000,50000,湖南,郴州
Anhui ,2027,Fuyang City,341200,36500,安徽,阜阳
Jiangsu ,2027,Huai'an City,320800,30000,江苏,淮安
Shandong ,2027,Zaozhuang City,370400,3000,山东,枣庄
Anhui ,2027,Wuhu City,340200,10000,安徽,芜湖
Anhui ,2027,Fuyang City,341200,8000,安徽,阜阳
Anhui ,2027,Fuyang City,341200,4000,安徽,阜阳
Anhui ,2027,Fuyang City,341200,7200,安徽,阜阳
Anhui ,2027,Fuyang City,341200,6800,安徽,阜阳
Chongqing,2027,Chongqing City,500000,50000,重庆,重庆
Jiangxi ,2027,Yichun City (Jiangxi),360900,40000,江西,宜春
Guangdong ,2027,Guangzhou City,440100,10000,广东,广州
Guangdong ,2027,Jiangmen City,440700,100000,广东,江门
Shandong ,2027,Binzhou City,371600,8000,山东,滨州
Anhui ,2027,Lu'an City,341500,12000,安徽,六安
Anhui ,2027,Lu'an City,341500,12000,安徽,六安
Jiangxi ,2027,Shangrao City,361100,40000,江西,上饶
Hubei ,2027,Jingmen City,420800,10000,湖北,荆门
Anhui ,2027,Ma'anshan City,340500,20000,安徽,马鞍山
Anhui ,2027,Ma'anshan City,340500,10000,安徽,马鞍山
Hunan ,2027,Yueyang City,430600,17750,湖南,岳阳
Anhui ,2027,Fuyang City,341200,10000,安徽,阜阳
Henan ,2027,Pingdingshan City,410400,10000,河南,平顶山
Henan ,2027,Pingdingshan City,410400,10000,河南,平顶山
Anhui ,2027,Ma'anshan City,340500,20000,安徽,马鞍山
Anhui ,2027,Ma'anshan City,340500,10000,安徽,马鞍山
Guangdong ,2027,Jieyang City,445200,35000,广东,揭阳
Hubei ,2027,Yichang City,420500,100000,湖北,宜昌
Shaanxi ,2027,Tongchuan City,610200,10000,陕西,铜川
Fujian ,2027,Nanping City,350700,18000,福建,南平
Guizhou ,2027,Zunyi City ,520300,40000,贵州,遵义
Hunan ,2027,Yiyang City,430900,30000,湖南,益阳
Inner Mongolia,2027,Ulanqab City,150900,2000,内蒙古,乌兰察布
Fujian ,2027,Longyan City,350800,10000,福建,龙岩
Guangdong ,2027,Meizhou City,441400,10000,广东,梅州
Shandong ,2027,Linyi City,371300,60000,山东,临沂
Anhui ,2027,Huaibei City,340600,50000,安徽,淮北
Hunan ,2027,Changsha City,430100,7000,湖南,长沙
Shandong ,2027,Linyi City,371300,60000,山东,临沂
Hebei ,2027,Cangzhou City,130900,60000,河北,沧州
Fujian ,2027,Longyan City,350800,40000,福建,龙岩
Guangxi ,2027,Guilin City,450300,50000,广西,桂林
Guangxi ,2027,Guilin City,450300,50000,广西,桂林
Guangdong ,2027,Zhaoqing City,441200,78000,广东,肇庆
Guangxi ,2027,Nanning City,450100,46300,广西,南宁
Hunan ,2027,Changsha City,430100,100000,湖南,长沙
Fujian ,2027,Nanping City,350700,20000,福建,南平
Hubei ,2027,Jingmen City,420800,70000,湖北,荆门
Hunan ,2027,Hengyang City,430400,20000,湖南,衡阳
Shandong ,2027,Linyi City,371300,50000,山东,临沂
Jiangxi ,2027,Ganzhou City,360700,10000,江西,赣州
Anhui ,2027,Fuyang City,341200,20000,安徽,阜阳
Chongqing,2027,Chongqing City,500000,30000,重庆,重庆
Jiangsu ,2027,Suzhou City (Jiangsu),320500,10000,江苏,苏州
Hebei ,2027,Cangzhou City,130900,60000,河北,沧州
Jiangxi ,2027,Jiujiang City,360400,30000,江西,九江
Hubei ,2027,Jingmen City,420800,30000,湖北,荆门
Anhui ,2027,Chizhou City,341700,100000,安徽,池州
Shanxi ,2027,Yuncheng City,140800,40000,山西,运城
Shanxi ,2027,Yuncheng City,140800,50000,山西,运城
Anhui ,2027,Huaibei City,340600,40000,安徽,淮北
Anhui ,2027,Wuhu City,340200,10000,安徽,芜湖
Anhui ,2027,Fuyang City,341200,8000,安徽,阜阳
Anhui ,2027,Fuyang City,341200,4000,安徽,阜阳
Jiangxi ,2027,Ganzhou City,360700,8000,江西,赣州
Shandong ,2027,Dezhou City,371400,10000,山东,德州
Shandong ,2027,Dezhou City,371400,10000,山东,德州
Jiangxi ,2027,Ganzhou City,360700,78000,江西,赣州
Hubei ,2027,Xiantao City,429004,20000,湖北,仙桃
Anhui ,2027,Fuyang City,341200,7200,安徽,阜阳
Anhui ,2027,Fuyang City,341200,6800,安徽,阜阳
Hunan ,2027,Yiyang City,430900,2000,湖南,益阳
Hunan ,2027,Huaihua City,431200,25000,湖南,怀化
Hunan ,2027,Huaihua City,431200,25000,湖南,怀化
Jiangxi ,2027,Ganzhou City,360700,50000,江西,赣州
Sichuan ,2027,Suining City,510900,100000,四川,遂宁
Shandong ,2027,Tai'an City,370900,10000,山东,泰安
Guangdong ,2027,Zhuhai City,440400,50000,广东,珠海
Hunan ,2027,Yueyang City,430600,10000,湖南,岳阳
Shanxi ,2027,Lvliang City,141100,50000,山西,吕梁
Hubei ,2027,Wuhan City,420100,20000,湖北,武汉
Guangdong ,2027,Guangzhou City,440100,15000,广东,广州
Guangdong ,2027,Jiangmen City,440700,300000,广东,江门
Sichuan ,2027,Yibin City,511500,100000,四川,宜宾
Shandong ,2027,Linyi City,371300,60000,山东,临沂
Inner Mongolia,2027,Ulanqab City,150900,25000,内蒙古,乌兰察布
Chongqing,2027,Chongqing City,500000,50000,重庆,重庆
Jiangsu ,2027,Lianyungang City,320700,8000,江苏,连云港
Guangdong ,2027,Huizhou City,441300,80000,广东,惠州
Guangxi ,2027,Nanning City,450100,70000,广西,南宁
Jiangxi ,2027,Ganzhou City,360700,150000,江西,赣州
Hunan ,2027,Chenzhou City,431000,100000,湖南,郴州
Anhui ,2027,Hefei City,340100,6000,安徽,合肥
Guangdong ,2027,Shaoguan City,440200,8000,广东,韶关
Henan ,2027,Sanmenxia City,411200,30000,河南,三门峡
Hunan ,2027,Changsha City,430100,100000,湖南,长沙
Fujian ,2027,Longyan City,350800,52570,福建,龙岩
Guangxi ,2027,Nanning City,450100,15300,广西,南宁
Guizhou ,2027,Tongren City,520600,6000,贵州,铜仁
Jiangxi ,2027,Yichun City (Jiangxi),360900,12000,江西,宜春
Sichuan ,2027,Zigong City,510300,30000,四川,自贡
Anhui ,2027,Chizhou City,341700,60000,安徽,池州
Jiangxi ,2027,Jiujiang City,360400,20000,江西,九江
Hunan ,2027,Changsha City,430100,4000,湖南,长沙
Jiangxi ,2027,Ganzhou City,360700,30000,江西,赣州
Hubei ,2027,Jingzhou City,421000,15000,湖北,荆州
Zhejiang ,2027,Huzhou City,330500,25000,浙江,湖州
Zhejiang ,2027,Lishui City,331100,15000,浙江,丽水
Zhejiang ,2027,Jinhua City,330700,30000,浙江,金华
Zhejiang ,2027,Hangzhou City,330100,14000,浙江,杭州
Zhejiang ,2027,Hangzhou City,330100,51320,浙江,杭州
Zhejiang ,2027,Quzhou City,330800,64680,浙江,衢州
Jiangxi ,2027,Ganzhou City,360700,10000,江西,赣州
Jiangxi ,2027,Ganzhou City,360700,40000,江西,赣州
Hubei ,2027,Jingmen City,420800,100000,湖北,荆门
Guangdong ,2027,Zhuhai City,440400,10000,广东,珠海
Henan ,2027,Luoyang City,410300,2000,河南,洛阳
Guangdong ,2027,Zhuhai City,440400,30000,广东,珠海
Hunan ,2027,Changsha City,430100,530,湖南,长沙
Hunan ,2027,Changsha City,430100,3262,湖南,长沙
Hunan ,2027,Changsha City,430100,50000,湖南,长沙
Hunan ,2027,Changsha City,430100,50000,湖南,长沙
Jiangxi ,2027,Ganzhou City,360700,13000,江西,赣州
Jiangxi ,2027,Ganzhou City,360700,20000,江西,赣州
Guangdong ,2027,Shenzhen City,440300,3000,广东,深圳
Jiangxi ,2027,Ganzhou City,360700,36000,江西,赣州
Jiangxi ,2027,Xinyu City,360500,30000,江西,新余
Jiangxi ,2027,Pingxiang City,360300,5000,江西,萍乡
Jiangxi ,2027,Shangrao City,361100,5000,江西,上饶
Jiangxi ,2027,Yichun City (Jiangxi),360900,30000,江西,宜春
Hunan ,2027,Hengyang City,430400,4416,湖南,衡阳
Hubei ,2027,Xiangyang City,420600,10000,湖北,襄阳
Guangdong ,2027,Shaoguan City,440200,3000,广东,韶关
Guizhou ,2027,Qiannan Buyi and Miao Autonomous Prefecture,522700,34000,贵州,黔南布依族苗族自治州
Anhui ,2027,Chuzhou City,341100,31000,安徽,滁州
Jiangsu ,2027,Wuxi City,320200,16000,江苏,无锡
Shaanxi ,2027,Yulin City (Shaanxi）,610800,15000,陕西,榆林
Fujian ,2027,Ningde City,350900,12000,福建,宁德
Henan ,2027,Zhengzhou City,410100,8000,河南,郑州
Gansu ,2027,Lanzhou City,620100,500,甘肃,兰州
Ningxia,2027,Yinchuan City,640100,100000,宁夏,银川
Sichuan ,2027,Suining City,510900,100000,四川,遂宁
Gansu ,2027,Jinchang City,620300,50000,甘肃,金昌
Gansu ,2027,Baiyin City,620400,800,甘肃,白银
Hubei ,2027,Jingmen City,420800,45000,湖北,荆门
Hunan ,2027,Changsha City,430100,120000,湖南,长沙
Anhui ,2027,Wuhu City,340200,500,安徽,芜湖
Anhui ,2027,Fuyang City,341200,11250,安徽,阜阳
Anhui ,2027,Fuyang City,341200,11250,安徽,阜阳
Anhui ,2027,Lu'an City,341500,12000,安徽,六安
Anhui ,2027,Lu'an City,341500,12000,安徽,六安
Fujian ,2027,Longyan City,350800,12570,福建,龙岩
Gansu ,2027,Lanzhou City,620100,5000,甘肃,兰州
Guangdong ,2027,Foshan City,440600,3000,广东,佛山
Guangxi ,2027,Qinzhou City,450700,10000,广西,钦州
Henan ,2027,Xinxiang City,410700,100000,河南,新乡
Hubei ,2027,Xiangyang City,420600,10000,湖北,襄阳
Hunan ,2027,Zhuzhou City,430200,6000,湖南,株洲
Hunan ,2027,Changsha City,430100,10000,湖南,长沙
Hunan ,2027,Hengyang City,430400,17000,湖南,衡阳
Hunan ,2027,Changde City,430700,100000,湖南,常德
Hunan ,2027,Changsha City,430100,100000,湖南,长沙
Jilin ,2027,Yanbian Korean Autonomous Prefecture,222400,60000,吉林,延边
Jiangxi ,2027,Ganzhou City,360700,25000,江西,赣州
Jiangxi ,2027,Yichun City (Jiangxi),360900,40000,江西,宜春
Jiangxi ,2027,Ganzhou City,360700,13000,江西,赣州
Jiangxi ,2027,Ganzhou City,360700,10000,江西,赣州
Jiangxi ,2027,Ganzhou City,360700,5000,江西,赣州
Jiangxi ,2027,Ganzhou City,360700,30000,江西,赣州
Jiangxi ,2027,Ganzhou City,360700,6000,江西,赣州
Jiangxi ,2027,Yichun City (Jiangxi),360900,10000,江西,宜春
Jiangxi ,2027,Shangrao City,361100,30000,江西,上饶
Shanghai,2027,Shanghai City,310000,10000,上海,上海
Yunnan ,2027,Qujing City,530300,10000,云南,曲靖
Guangdong ,2027,Foshan City,440600,120000,广东,佛山
Anhui ,2028,Chizhou City,341700,10000,安徽,池州
Hubei ,2028,Xiangyang City,420600,15000,湖北,襄阳
Fujian ,2028,Fuzhou City (Fujian),350100,50000,福建,福州
Jiangxi ,2028,Ganzhou City,360700,150000,江西,赣州
Anhui ,2028,Fuyang City,341200,18500,安徽,阜阳
Hubei ,2028,Jingzhou City,421000,24000,湖北,荆州
Hubei ,2028,Jingzhou City,421000,50000,湖北,荆州
Anhui ,2028,Chizhou City,341700,180000,安徽,池州
Yunnan ,2028,Kunming City,530100,20000,云南,昆明
Shandong ,2028,Linyi City,371300,140000,山东,临沂
Fujian ,2028,Longyan City,350800,150000,福建,龙岩
Fujian ,2028,Ningde City,350900,20000,福建,宁德
Sichuan ,2028,Zigong City,510300,60000,四川,自贡
Shandong ,2028,Linyi City,371300,40000,山东,临沂
Hunan ,2028,Hengyang City,430400,13000,湖南,衡阳
Chongqing,2028,Chongqing City,500000,150000,重庆,重庆
Jiangsu ,2028,Huai'an City,320800,30000,江苏,淮安
Shandong ,2028,Zibo City,370300,40000,山东,淄博
Guangdong ,2028,Huizhou City,441300,35000,广东,惠州
Shandong ,2028,Dezhou City,371400,5000,山东,德州
Hunan ,2028,Chenzhou City,431000,50000,湖南,郴州
Anhui ,2028,Fuyang City,341200,36500,安徽,阜阳
Jiangsu ,2028,Huai'an City,320800,30000,江苏,淮安
Shandong ,2028,Zaozhuang City,370400,3000,山东,枣庄
Anhui ,2028,Wuhu City,340200,10000,安徽,芜湖
Anhui ,2028,Fuyang City,341200,8000,安徽,阜阳
Anhui ,2028,Fuyang City,341200,4000,安徽,阜阳
Anhui ,2028,Fuyang City,341200,7200,安徽,阜阳
Anhui ,2028,Fuyang City,341200,6800,安徽,阜阳
Chongqing,2028,Chongqing City,500000,50000,重庆,重庆
Jiangxi ,2028,Yichun City (Jiangxi),360900,40000,江西,宜春
Guangdong ,2028,Guangzhou City,440100,10000,广东,广州
Guangdong ,2028,Jiangmen City,440700,100000,广东,江门
Shandong ,2028,Binzhou City,371600,8000,山东,滨州
Anhui ,2028,Lu'an City,341500,12000,安徽,六安
Anhui ,2028,Lu'an City,341500,12000,安徽,六安
Jiangxi ,2028,Shangrao City,361100,40000,江西,上饶
Hubei ,2028,Jingmen City,420800,10000,湖北,荆门
Anhui ,2028,Ma'anshan City,340500,20000,安徽,马鞍山
Anhui ,2028,Ma'anshan City,340500,10000,安徽,马鞍山
Hunan ,2028,Yueyang City,430600,17750,湖南,岳阳
Anhui ,2028,Fuyang City,341200,10000,安徽,阜阳
Henan ,2028,Pingdingshan City,410400,10000,河南,平顶山
Henan ,2028,Pingdingshan City,410400,10000,河南,平顶山
Anhui ,2028,Ma'anshan City,340500,20000,安徽,马鞍山
Anhui ,2028,Ma'anshan City,340500,10000,安徽,马鞍山
Guangdong ,2028,Jieyang City,445200,35000,广东,揭阳
Hubei ,2028,Yichang City,420500,100000,湖北,宜昌
Shaanxi ,2028,Tongchuan City,610200,10000,陕西,铜川
Fujian ,2028,Nanping City,350700,18000,福建,南平
Guizhou ,2028,Zunyi City ,520300,40000,贵州,遵义
Hunan ,2028,Yiyang City,430900,30000,湖南,益阳
Inner Mongolia,2028,Ulanqab City,150900,2000,内蒙古,乌兰察布
Fujian ,2028,Longyan City,350800,10000,福建,龙岩
Guangdong ,2028,Meizhou City,441400,10000,广东,梅州
Shandong ,2028,Linyi City,371300,60000,山东,临沂
Anhui ,2028,Huaibei City,340600,50000,安徽,淮北
Hunan ,2028,Changsha City,430100,7000,湖南,长沙
Shandong ,2028,Linyi City,371300,60000,山东,临沂
Hebei ,2028,Cangzhou City,130900,60000,河北,沧州
Fujian ,2028,Longyan City,350800,40000,福建,龙岩
Guangxi ,2028,Guilin City,450300,50000,广西,桂林
Guangxi ,2028,Guilin City,450300,50000,广西,桂林
Guangdong ,2028,Zhaoqing City,441200,78000,广东,肇庆
Guangxi ,2028,Nanning City,450100,46300,广西,南宁
Hunan ,2028,Changsha City,430100,100000,湖南,长沙
Fujian ,2028,Nanping City,350700,20000,福建,南平
Hubei ,2028,Jingmen City,420800,70000,湖北,荆门
Hunan ,2028,Hengyang City,430400,20000,湖南,衡阳
Shandong ,2028,Linyi City,371300,50000,山东,临沂
Jiangxi ,2028,Ganzhou City,360700,10000,江西,赣州
Anhui ,2028,Fuyang City,341200,20000,安徽,阜阳
Chongqing,2028,Chongqing City,500000,30000,重庆,重庆
Jiangsu ,2028,Suzhou City (Jiangsu),320500,10000,江苏,苏州
Hebei ,2028,Cangzhou City,130900,60000,河北,沧州
Jiangxi ,2028,Jiujiang City,360400,30000,江西,九江
Hubei ,2028,Jingmen City,420800,30000,湖北,荆门
Anhui ,2028,Chizhou City,341700,100000,安徽,池州
Shanxi ,2028,Yuncheng City,140800,40000,山西,运城
Shanxi ,2028,Yuncheng City,140800,50000,山西,运城
Anhui ,2028,Huaibei City,340600,40000,安徽,淮北
Anhui ,2028,Wuhu City,340200,10000,安徽,芜湖
Anhui ,2028,Fuyang City,341200,8000,安徽,阜阳
Anhui ,2028,Fuyang City,341200,4000,安徽,阜阳
Jiangxi ,2028,Ganzhou City,360700,8000,江西,赣州
Shandong ,2028,Dezhou City,371400,10000,山东,德州
Shandong ,2028,Dezhou City,371400,10000,山东,德州
Jiangxi ,2028,Ganzhou City,360700,78000,江西,赣州
Hubei ,2028,Xiantao City,429004,20000,湖北,仙桃
Anhui ,2028,Fuyang City,341200,7200,安徽,阜阳
Anhui ,2028,Fuyang City,341200,6800,安徽,阜阳
Hunan ,2028,Yiyang City,430900,2000,湖南,益阳
Hunan ,2028,Huaihua City,431200,25000,湖南,怀化
Hunan ,2028,Huaihua City,431200,25000,湖南,怀化
Jiangxi ,2028,Ganzhou City,360700,50000,江西,赣州
Sichuan ,2028,Suining City,510900,100000,四川,遂宁
Shandong ,2028,Tai'an City,370900,10000,山东,泰安
Guangdong ,2028,Zhuhai City,440400,50000,广东,珠海
Hunan ,2028,Yueyang City,430600,10000,湖南,岳阳
Shanxi ,2028,Lvliang City,141100,50000,山西,吕梁
Hubei ,2028,Wuhan City,420100,20000,湖北,武汉
Guangdong ,2028,Guangzhou City,440100,15000,广东,广州
Guangdong ,2028,Jiangmen City,440700,300000,广东,江门
Sichuan ,2028,Yibin City,511500,100000,四川,宜宾
Shandong ,2028,Linyi City,371300,60000,山东,临沂
Inner Mongolia,2028,Ulanqab City,150900,25000,内蒙古,乌兰察布
Chongqing,2028,Chongqing City,500000,50000,重庆,重庆
Jiangsu ,2028,Lianyungang City,320700,8000,江苏,连云港
Guangdong ,2028,Huizhou City,441300,80000,广东,惠州
Guangxi ,2028,Nanning City,450100,70000,广西,南宁
Jiangxi ,2028,Ganzhou City,360700,150000,江西,赣州
Hunan ,2028,Chenzhou City,431000,100000,湖南,郴州
Anhui ,2028,Hefei City,340100,6000,安徽,合肥
Guangdong ,2028,Shaoguan City,440200,8000,广东,韶关
Henan ,2028,Sanmenxia City,411200,30000,河南,三门峡
Hunan ,2028,Changsha City,430100,100000,湖南,长沙
Fujian ,2028,Longyan City,350800,52570,福建,龙岩
Guangxi ,2028,Nanning City,450100,15300,广西,南宁
Guizhou ,2028,Tongren City,520600,6000,贵州,铜仁
Jiangxi ,2028,Yichun City (Jiangxi),360900,12000,江西,宜春
Sichuan ,2028,Zigong City,510300,30000,四川,自贡
Anhui ,2028,Chizhou City,341700,80000,安徽,池州
Jiangxi ,2028,Jiujiang City,360400,20000,江西,九江
Hunan ,2028,Changsha City,430100,4000,湖南,长沙
Jiangxi ,2028,Ganzhou City,360700,30000,江西,赣州
Hubei ,2028,Jingzhou City,421000,15000,湖北,荆州
Zhejiang ,2028,Huzhou City,330500,25000,浙江,湖州
Zhejiang ,2028,Lishui City,331100,15000,浙江,丽水
Zhejiang ,2028,Jinhua City,330700,30000,浙江,金华
Zhejiang ,2028,Hangzhou City,330100,14000,浙江,杭州
Zhejiang ,2028,Hangzhou City,330100,51320,浙江,杭州
Zhejiang ,2028,Quzhou City,330800,64680,浙江,衢州
Jiangxi ,2028,Ganzhou City,360700,10000,江西,赣州
Jiangxi ,2028,Ganzhou City,360700,40000,江西,赣州
Hubei ,2028,Jingmen City,420800,100000,湖北,荆门
Guangdong ,2028,Zhuhai City,440400,10000,广东,珠海
Henan ,2028,Luoyang City,410300,2000,河南,洛阳
Guangdong ,2028,Zhuhai City,440400,30000,广东,珠海
Hunan ,2028,Changsha City,430100,530,湖南,长沙
Hunan ,2028,Changsha City,430100,3262,湖南,长沙
Hunan ,2028,Changsha City,430100,50000,湖南,长沙
Hunan ,2028,Changsha City,430100,50000,湖南,长沙
Jiangxi ,2028,Ganzhou City,360700,13000,江西,赣州
Jiangxi ,2028,Ganzhou City,360700,20000,江西,赣州
Guangdong ,2028,Shenzhen City,440300,3000,广东,深圳
Jiangxi ,2028,Ganzhou City,360700,36000,江西,赣州
Jiangxi ,2028,Xinyu City,360500,30000,江西,新余
Jiangxi ,2028,Pingxiang City,360300,5000,江西,萍乡
Jiangxi ,2028,Shangrao City,361100,5000,江西,上饶
Jiangxi ,2028,Yichun City (Jiangxi),360900,30000,江西,宜春
Hunan ,2028,Hengyang City,430400,4416,湖南,衡阳
Hubei ,2028,Xiangyang City,420600,10000,湖北,襄阳
Guangdong ,2028,Shaoguan City,440200,3000,广东,韶关
Guizhou ,2028,Qiannan Buyi and Miao Autonomous Prefecture,522700,34000,贵州,黔南布依族苗族自治州
Anhui ,2028,Chuzhou City,341100,31000,安徽,滁州
Jiangsu ,2028,Wuxi City,320200,16000,江苏,无锡
Shaanxi ,2028,Yulin City (Shaanxi）,610800,15000,陕西,榆林
Fujian ,2028,Ningde City,350900,12000,福建,宁德
Henan ,2028,Zhengzhou City,410100,8000,河南,郑州
Gansu ,2028,Lanzhou City,620100,500,甘肃,兰州
Ningxia,2028,Yinchuan City,640100,100000,宁夏,银川
Sichuan ,2028,Suining City,510900,100000,四川,遂宁
Gansu ,2028,Jinchang City,620300,50000,甘肃,金昌
Gansu ,2028,Baiyin City,620400,800,甘肃,白银
Hubei ,2028,Jingmen City,420800,45000,湖北,荆门
Hunan ,2028,Changsha City,430100,120000,湖南,长沙
Anhui ,2028,Wuhu City,340200,500,安徽,芜湖
Anhui ,2028,Fuyang City,341200,11250,安徽,阜阳
Anhui ,2028,Fuyang City,341200,11250,安徽,阜阳
Anhui ,2028,Lu'an City,341500,12000,安徽,六安
Anhui ,2028,Lu'an City,341500,12000,安徽,六安
Fujian ,2028,Longyan City,350800,12570,福建,龙岩
Gansu ,2028,Lanzhou City,620100,5000,甘肃,兰州
Guangdong ,2028,Foshan City,440600,3000,广东,佛山
Guangxi ,2028,Qinzhou City,450700,10000,广西,钦州
Henan ,2028,Xinxiang City,410700,100000,河南,新乡
Hubei ,2028,Xiangyang City,420600,10000,湖北,襄阳
Hunan ,2028,Zhuzhou City,430200,6000,湖南,株洲
Hunan ,2028,Changsha City,430100,10000,湖南,长沙
Hunan ,2028,Hengyang City,430400,17000,湖南,衡阳
Hunan ,2028,Changde City,430700,100000,湖南,常德
Hunan ,2028,Changsha City,430100,100000,湖南,长沙
Jilin ,2028,Yanbian Korean Autonomous Prefecture,222400,60000,吉林,延边
Jiangxi ,2028,Ganzhou City,360700,25000,江西,赣州
Jiangxi ,2028,Yichun City (Jiangxi),360900,40000,江西,宜春
Jiangxi ,2028,Ganzhou City,360700,13000,江西,赣州
Jiangxi ,2028,Ganzhou City,360700,10000,江西,赣州
Jiangxi ,2028,Ganzhou City,360700,5000,江西,赣州
Jiangxi ,2028,Ganzhou City,360700,30000,江西,赣州
Jiangxi ,2028,Ganzhou City,360700,6000,江西,赣州
Jiangxi ,2028,Yichun City (Jiangxi),360900,10000,江西,宜春
Jiangxi ,2028,Shangrao City,361100,30000,江西,上饶
Shanghai,2028,Shanghai City,310000,10000,上海,上海
Yunnan ,2028,Qujing City,530300,10000,云南,曲靖
Guangdong ,2028,Foshan City,440600,120000,广东,佛山
Anhui ,2029,Chizhou City,341700,10000,安徽,池州
Guangdong ,2029,Shaoguan City,440200,10000,广东,韶关
Hubei ,2029,Xiangyang City,420600,15000,湖北,襄阳
Fujian ,2029,Fuzhou City (Fujian),350100,50000,福建,福州
Henan ,2029,Zhengzhou City,410100,50000,河南,郑州
Anhui ,2029,Fuyang City,341200,7200,安徽,阜阳
Anhui ,2029,Fuyang City,341200,6800,安徽,阜阳
Guangxi ,2029,Guilin City,450300,50000,广西,桂林
Guangxi ,2029,Guilin City,450300,50000,广西,桂林
Jiangxi ,2029,Ganzhou City,360700,150000,江西,赣州
Anhui ,2029,Fuyang City,341200,18500,安徽,阜阳
Hubei ,2029,Jingzhou City,421000,24000,湖北,荆州
Hubei ,2029,Jingzhou City,421000,50000,湖北,荆州
Anhui ,2029,Chizhou City,341700,180000,安徽,池州
Yunnan ,2029,Kunming City,530100,20000,云南,昆明
Shandong ,2029,Linyi City,371300,140000,山东,临沂
Fujian ,2029,Longyan City,350800,150000,福建,龙岩
Fujian ,2029,Ningde City,350900,20000,福建,宁德
Sichuan ,2029,Zigong City,510300,60000,四川,自贡
Shandong ,2029,Linyi City,371300,40000,山东,临沂
Hunan ,2029,Hengyang City,430400,13000,湖南,衡阳
Chongqing,2029,Chongqing City,500000,150000,重庆,重庆
Jiangsu ,2029,Huai'an City,320800,30000,江苏,淮安
Shandong ,2029,Zibo City,370300,40000,山东,淄博
Guangdong ,2029,Huizhou City,441300,35000,广东,惠州
Shandong ,2029,Dezhou City,371400,5000,山东,德州
Hunan ,2029,Chenzhou City,431000,50000,湖南,郴州
Anhui ,2029,Fuyang City,341200,36500,安徽,阜阳
Jiangsu ,2029,Huai'an City,320800,30000,江苏,淮安
Shandong ,2029,Zaozhuang City,370400,3000,山东,枣庄
Anhui ,2029,Wuhu City,340200,10000,安徽,芜湖
Anhui ,2029,Fuyang City,341200,8000,安徽,阜阳
Anhui ,2029,Fuyang City,341200,4000,安徽,阜阳
Anhui ,2029,Fuyang City,341200,7200,安徽,阜阳
Anhui ,2029,Fuyang City,341200,6800,安徽,阜阳
Chongqing,2029,Chongqing City,500000,50000,重庆,重庆
Jiangxi ,2029,Yichun City (Jiangxi),360900,40000,江西,宜春
Guangdong ,2029,Guangzhou City,440100,10000,广东,广州
Guangdong ,2029,Jiangmen City,440700,100000,广东,江门
Shandong ,2029,Binzhou City,371600,8000,山东,滨州
Anhui ,2029,Lu'an City,341500,12000,安徽,六安
Anhui ,2029,Lu'an City,341500,12000,安徽,六安
Jiangxi ,2029,Shangrao City,361100,40000,江西,上饶
Hubei ,2029,Jingmen City,420800,10000,湖北,荆门
Anhui ,2029,Ma'anshan City,340500,20000,安徽,马鞍山
Anhui ,2029,Ma'anshan City,340500,10000,安徽,马鞍山
Hunan ,2029,Yueyang City,430600,17750,湖南,岳阳
Anhui ,2029,Fuyang City,341200,10000,安徽,阜阳
Henan ,2029,Pingdingshan City,410400,10000,河南,平顶山
Henan ,2029,Pingdingshan City,410400,10000,河南,平顶山
Anhui ,2029,Ma'anshan City,340500,20000,安徽,马鞍山
Anhui ,2029,Ma'anshan City,340500,10000,安徽,马鞍山
Guangdong ,2029,Jieyang City,445200,35000,广东,揭阳
Hubei ,2029,Yichang City,420500,100000,湖北,宜昌
Shaanxi ,2029,Tongchuan City,610200,10000,陕西,铜川
Fujian ,2029,Nanping City,350700,18000,福建,南平
Guizhou ,2029,Zunyi City ,520300,40000,贵州,遵义
Hunan ,2029,Yiyang City,430900,30000,湖南,益阳
Inner Mongolia,2029,Ulanqab City,150900,2000,内蒙古,乌兰察布
Fujian ,2029,Longyan City,350800,10000,福建,龙岩
Guangdong ,2029,Meizhou City,441400,10000,广东,梅州
Shandong ,2029,Linyi City,371300,60000,山东,临沂
Anhui ,2029,Huaibei City,340600,50000,安徽,淮北
Hunan ,2029,Changsha City,430100,7000,湖南,长沙
Shandong ,2029,Linyi City,371300,60000,山东,临沂
Hebei ,2029,Cangzhou City,130900,60000,河北,沧州
Fujian ,2029,Longyan City,350800,40000,福建,龙岩
Guangxi ,2029,Guilin City,450300,50000,广西,桂林
Guangxi ,2029,Guilin City,450300,50000,广西,桂林
Guangdong ,2029,Zhaoqing City,441200,78000,广东,肇庆
Guangxi ,2029,Nanning City,450100,46300,广西,南宁
Hunan ,2029,Changsha City,430100,100000,湖南,长沙
Fujian ,2029,Nanping City,350700,20000,福建,南平
Hubei ,2029,Jingmen City,420800,70000,湖北,荆门
Hunan ,2029,Hengyang City,430400,20000,湖南,衡阳
Shandong ,2029,Linyi City,371300,50000,山东,临沂
Jiangxi ,2029,Ganzhou City,360700,10000,江西,赣州
Anhui ,2029,Fuyang City,341200,20000,安徽,阜阳
Chongqing,2029,Chongqing City,500000,30000,重庆,重庆
Jiangsu ,2029,Suzhou City (Jiangsu),320500,10000,江苏,苏州
Hebei ,2029,Cangzhou City,130900,60000,河北,沧州
Jiangxi ,2029,Jiujiang City,360400,30000,江西,九江
Hubei ,2029,Jingmen City,420800,30000,湖北,荆门
Anhui ,2029,Chizhou City,341700,100000,安徽,池州
Shanxi ,2029,Yuncheng City,140800,40000,山西,运城
Shanxi ,2029,Yuncheng City,140800,50000,山西,运城
Anhui ,2029,Huaibei City,340600,40000,安徽,淮北
Anhui ,2029,Wuhu City,340200,10000,安徽,芜湖
Anhui ,2029,Fuyang City,341200,8000,安徽,阜阳
Anhui ,2029,Fuyang City,341200,4000,安徽,阜阳
Jiangxi ,2029,Ganzhou City,360700,8000,江西,赣州
Shandong ,2029,Dezhou City,371400,10000,山东,德州
Shandong ,2029,Dezhou City,371400,10000,山东,德州
Jiangxi ,2029,Ganzhou City,360700,78000,江西,赣州
Hubei ,2029,Xiantao City,429004,20000,湖北,仙桃
Anhui ,2029,Fuyang City,341200,7200,安徽,阜阳
Anhui ,2029,Fuyang City,341200,6800,安徽,阜阳
Hunan ,2029,Yiyang City,430900,2000,湖南,益阳
Hunan ,2029,Huaihua City,431200,25000,湖南,怀化
Hunan ,2029,Huaihua City,431200,25000,湖南,怀化
Jiangxi ,2029,Ganzhou City,360700,50000,江西,赣州
Sichuan ,2029,Suining City,510900,100000,四川,遂宁
Shandong ,2029,Tai'an City,370900,10000,山东,泰安
Guangdong ,2029,Zhuhai City,440400,50000,广东,珠海
Hunan ,2029,Yueyang City,430600,10000,湖南,岳阳
Shanxi ,2029,Lvliang City,141100,50000,山西,吕梁
Hubei ,2029,Wuhan City,420100,20000,湖北,武汉
Guangdong ,2029,Guangzhou City,440100,15000,广东,广州
Guangdong ,2029,Jiangmen City,440700,300000,广东,江门
Sichuan ,2029,Yibin City,511500,100000,四川,宜宾
Shandong ,2029,Linyi City,371300,60000,山东,临沂
Inner Mongolia,2029,Ulanqab City,150900,25000,内蒙古,乌兰察布
Chongqing,2029,Chongqing City,500000,50000,重庆,重庆
Jiangsu ,2029,Lianyungang City,320700,8000,江苏,连云港
Guangdong ,2029,Huizhou City,441300,80000,广东,惠州
Guangxi ,2029,Nanning City,450100,70000,广西,南宁
Jiangxi ,2029,Ganzhou City,360700,150000,江西,赣州
Hunan ,2029,Chenzhou City,431000,100000,湖南,郴州
Anhui ,2029,Hefei City,340100,6000,安徽,合肥
Guangdong ,2029,Shaoguan City,440200,8000,广东,韶关
Henan ,2029,Sanmenxia City,411200,30000,河南,三门峡
Hunan ,2029,Changsha City,430100,100000,湖南,长沙
Fujian ,2029,Longyan City,350800,52570,福建,龙岩
Guangxi ,2029,Nanning City,450100,15300,广西,南宁
Guizhou ,2029,Tongren City,520600,6000,贵州,铜仁
Jiangxi ,2029,Yichun City (Jiangxi),360900,12000,江西,宜春
Sichuan ,2029,Zigong City,510300,30000,四川,自贡
Anhui ,2029,Chizhou City,341700,80000,安徽,池州
Jiangxi ,2029,Jiujiang City,360400,20000,江西,九江
Hunan ,2029,Changsha City,430100,4000,湖南,长沙
Jiangxi ,2029,Ganzhou City,360700,30000,江西,赣州
Hubei ,2029,Jingzhou City,421000,15000,湖北,荆州
Zhejiang ,2029,Huzhou City,330500,25000,浙江,湖州
Zhejiang ,2029,Lishui City,331100,15000,浙江,丽水
Zhejiang ,2029,Jinhua City,330700,30000,浙江,金华
Zhejiang ,2029,Hangzhou City,330100,14000,浙江,杭州
Zhejiang ,2029,Hangzhou City,330100,51320,浙江,杭州
Zhejiang ,2029,Quzhou City,330800,64680,浙江,衢州
Jiangxi ,2029,Ganzhou City,360700,10000,江西,赣州
Jiangxi ,2029,Ganzhou City,360700,40000,江西,赣州
Hubei ,2029,Jingmen City,420800,100000,湖北,荆门
Guangdong ,2029,Zhuhai City,440400,10000,广东,珠海
Henan ,2029,Luoyang City,410300,2000,河南,洛阳
Guangdong ,2029,Zhuhai City,440400,30000,广东,珠海
Hunan ,2029,Changsha City,430100,530,湖南,长沙
Hunan ,2029,Changsha City,430100,3262,湖南,长沙
Hunan ,2029,Changsha City,430100,50000,湖南,长沙
Hunan ,2029,Changsha City,430100,50000,湖南,长沙
Jiangxi ,2029,Ganzhou City,360700,13000,江西,赣州
Jiangxi ,2029,Ganzhou City,360700,20000,江西,赣州
Guangdong ,2029,Shenzhen City,440300,3000,广东,深圳
Jiangxi ,2029,Ganzhou City,360700,36000,江西,赣州
Jiangxi ,2029,Xinyu City,360500,30000,江西,新余
Jiangxi ,2029,Pingxiang City,360300,5000,江西,萍乡
Jiangxi ,2029,Shangrao City,361100,5000,江西,上饶
Jiangxi ,2029,Yichun City (Jiangxi),360900,30000,江西,宜春
Hunan ,2029,Hengyang City,430400,4416,湖南,衡阳
Hubei ,2029,Xiangyang City,420600,10000,湖北,襄阳
Guangdong ,2029,Shaoguan City,440200,3000,广东,韶关
Guizhou ,2029,Qiannan Buyi and Miao Autonomous Prefecture,522700,34000,贵州,黔南布依族苗族自治州
Anhui ,2029,Chuzhou City,341100,31000,安徽,滁州
Jiangsu ,2029,Wuxi City,320200,16000,江苏,无锡
Shaanxi ,2029,Yulin City (Shaanxi）,610800,15000,陕西,榆林
Fujian ,2029,Ningde City,350900,12000,福建,宁德
Henan ,2029,Zhengzhou City,410100,8000,河南,郑州
Gansu ,2029,Lanzhou City,620100,500,甘肃,兰州
Ningxia,2029,Yinchuan City,640100,100000,宁夏,银川
Sichuan ,2029,Suining City,510900,100000,四川,遂宁
Gansu ,2029,Jinchang City,620300,50000,甘肃,金昌
Gansu ,2029,Baiyin City,620400,800,甘肃,白银
Hubei ,2029,Jingmen City,420800,45000,湖北,荆门
Hunan ,2029,Changsha City,430100,120000,湖南,长沙
Anhui ,2029,Wuhu City,340200,500,安徽,芜湖
Anhui ,2029,Fuyang City,341200,11250,安徽,阜阳
Anhui ,2029,Fuyang City,341200,11250,安徽,阜阳
Anhui ,2029,Lu'an City,341500,12000,安徽,六安
Anhui ,2029,Lu'an City,341500,12000,安徽,六安
Fujian ,2029,Longyan City,350800,12570,福建,龙岩
Gansu ,2029,Lanzhou City,620100,5000,甘肃,兰州
Guangdong ,2029,Foshan City,440600,3000,广东,佛山
Guangxi ,2029,Qinzhou City,450700,10000,广西,钦州
Henan ,2029,Xinxiang City,410700,100000,河南,新乡
Hubei ,2029,Xiangyang City,420600,10000,湖北,襄阳
Hunan ,2029,Zhuzhou City,430200,6000,湖南,株洲
Hunan ,2029,Changsha City,430100,10000,湖南,长沙
Hunan ,2029,Hengyang City,430400,17000,湖南,衡阳
Hunan ,2029,Changde City,430700,100000,湖南,常德
Hunan ,2029,Changsha City,430100,100000,湖南,长沙
Jilin ,2029,Yanbian Korean Autonomous Prefecture,222400,60000,吉林,延边
Jiangxi ,2029,Ganzhou City,360700,25000,江西,赣州
Jiangxi ,2029,Yichun City (Jiangxi),360900,40000,江西,宜春
Jiangxi ,2029,Ganzhou City,360700,13000,江西,赣州
Jiangxi ,2029,Ganzhou City,360700,10000,江西,赣州
Jiangxi ,2029,Ganzhou City,360700,5000,江西,赣州
Jiangxi ,2029,Ganzhou City,360700,30000,江西,赣州
Jiangxi ,2029,Ganzhou City,360700,6000,江西,赣州
Jiangxi ,2029,Yichun City (Jiangxi),360900,10000,江西,宜春
Jiangxi ,2029,Shangrao City,361100,30000,江西,上饶
Shanghai,2029,Shanghai City,310000,10000,上海,上海
Yunnan ,2029,Qujing City,530300,10000,云南,曲靖
Guangdong ,2029,Foshan City,440600,120000,广东,佛山
Shandong ,2030,Linyi City,371300,50000,山东,临沂
Inner Mongolia,2030,Baotou City,150200,100000,内蒙古,包头
Anhui ,2030,Chizhou City,341700,10000,安徽,池州
Guangdong ,2030,Shaoguan City,440200,10000,广东,韶关
Hubei ,2030,Xiangyang City,420600,15000,湖北,襄阳
Fujian ,2030,Fuzhou City (Fujian),350100,50000,福建,福州
Henan ,2030,Zhengzhou City,410100,50000,河南,郑州
Henan ,2030,Zhengzhou City,410100,50000,河南,郑州
Anhui ,2030,Fuyang City,341200,7200,安徽,阜阳
Anhui ,2030,Fuyang City,341200,6800,安徽,阜阳
Guangxi ,2030,Guilin City,450300,50000,广西,桂林
Guangxi ,2030,Guilin City,450300,50000,广西,桂林
Jiangxi ,2030,Ganzhou City,360700,150000,江西,赣州
Anhui ,2030,Fuyang City,341200,18500,安徽,阜阳
Hubei ,2030,Jingzhou City,421000,24000,湖北,荆州
Hubei ,2030,Jingzhou City,421000,50000,湖北,荆州
Anhui ,2030,Chizhou City,341700,180000,安徽,池州
Yunnan ,2030,Kunming City,530100,20000,云南,昆明
Shandong ,2030,Linyi City,371300,140000,山东,临沂
Fujian ,2030,Longyan City,350800,150000,福建,龙岩
Fujian ,2030,Ningde City,350900,20000,福建,宁德
Sichuan ,2030,Zigong City,510300,60000,四川,自贡
Shandong ,2030,Linyi City,371300,40000,山东,临沂
Hunan ,2030,Hengyang City,430400,13000,湖南,衡阳
Chongqing,2030,Chongqing City,500000,150000,重庆,重庆
Jiangsu ,2030,Huai'an City,320800,30000,江苏,淮安
Shandong ,2030,Zibo City,370300,40000,山东,淄博
Guangdong ,2030,Huizhou City,441300,35000,广东,惠州
Shandong ,2030,Dezhou City,371400,5000,山东,德州
Hunan ,2030,Chenzhou City,431000,50000,湖南,郴州
Anhui ,2030,Fuyang City,341200,36500,安徽,阜阳
Jiangsu ,2030,Huai'an City,320800,30000,江苏,淮安
Shandong ,2030,Zaozhuang City,370400,3000,山东,枣庄
Anhui ,2030,Wuhu City,340200,10000,安徽,芜湖
Anhui ,2030,Fuyang City,341200,8000,安徽,阜阳
Anhui ,2030,Fuyang City,341200,4000,安徽,阜阳
Anhui ,2030,Fuyang City,341200,7200,安徽,阜阳
Anhui ,2030,Fuyang City,341200,6800,安徽,阜阳
Chongqing,2030,Chongqing City,500000,50000,重庆,重庆
Jiangxi ,2030,Yichun City (Jiangxi),360900,40000,江西,宜春
Guangdong ,2030,Guangzhou City,440100,10000,广东,广州
Guangdong ,2030,Jiangmen City,440700,100000,广东,江门
Shandong ,2030,Binzhou City,371600,8000,山东,滨州
Anhui ,2030,Lu'an City,341500,12000,安徽,六安
Anhui ,2030,Lu'an City,341500,12000,安徽,六安
Jiangxi ,2030,Shangrao City,361100,40000,江西,上饶
Hubei ,2030,Jingmen City,420800,10000,湖北,荆门
Anhui ,2030,Ma'anshan City,340500,20000,安徽,马鞍山
Anhui ,2030,Ma'anshan City,340500,10000,安徽,马鞍山
Hunan ,2030,Yueyang City,430600,17750,湖南,岳阳
Anhui ,2030,Fuyang City,341200,10000,安徽,阜阳
Henan ,2030,Pingdingshan City,410400,10000,河南,平顶山
Henan ,2030,Pingdingshan City,410400,10000,河南,平顶山
Anhui ,2030,Ma'anshan City,340500,20000,安徽,马鞍山
Anhui ,2030,Ma'anshan City,340500,10000,安徽,马鞍山
Guangdong ,2030,Jieyang City,445200,35000,广东,揭阳
Hubei ,2030,Yichang City,420500,100000,湖北,宜昌
Shaanxi ,2030,Tongchuan City,610200,10000,陕西,铜川
Fujian ,2030,Nanping City,350700,18000,福建,南平
Guizhou ,2030,Zunyi City ,520300,40000,贵州,遵义
Hunan ,2030,Yiyang City,430900,30000,湖南,益阳
Inner Mongolia,2030,Ulanqab City,150900,2000,内蒙古,乌兰察布
Fujian ,2030,Longyan City,350800,10000,福建,龙岩
Guangdong ,2030,Meizhou City,441400,10000,广东,梅州
Shandong ,2030,Linyi City,371300,60000,山东,临沂
Anhui ,2030,Huaibei City,340600,50000,安徽,淮北
Hunan ,2030,Changsha City,430100,7000,湖南,长沙
Shandong ,2030,Linyi City,371300,60000,山东,临沂
Hebei ,2030,Cangzhou City,130900,60000,河北,沧州
Fujian ,2030,Longyan City,350800,40000,福建,龙岩
Guangxi ,2030,Guilin City,450300,50000,广西,桂林
Guangxi ,2030,Guilin City,450300,50000,广西,桂林
Guangdong ,2030,Zhaoqing City,441200,78000,广东,肇庆
Guangxi ,2030,Nanning City,450100,46300,广西,南宁
Hunan ,2030,Changsha City,430100,100000,湖南,长沙
Fujian ,2030,Nanping City,350700,20000,福建,南平
Hubei ,2030,Jingmen City,420800,70000,湖北,荆门
Hunan ,2030,Hengyang City,430400,20000,湖南,衡阳
Shandong ,2030,Linyi City,371300,50000,山东,临沂
Jiangxi ,2030,Ganzhou City,360700,10000,江西,赣州
Anhui ,2030,Fuyang City,341200,20000,安徽,阜阳
Chongqing,2030,Chongqing City,500000,30000,重庆,重庆
Jiangsu ,2030,Suzhou City (Jiangsu),320500,10000,江苏,苏州
Hebei ,2030,Cangzhou City,130900,60000,河北,沧州
Jiangxi ,2030,Jiujiang City,360400,30000,江西,九江
Hubei ,2030,Jingmen City,420800,30000,湖北,荆门
Anhui ,2030,Chizhou City,341700,100000,安徽,池州
Shanxi ,2030,Yuncheng City,140800,40000,山西,运城
Shanxi ,2030,Yuncheng City,140800,50000,山西,运城
Anhui ,2030,Huaibei City,340600,40000,安徽,淮北
Anhui ,2030,Wuhu City,340200,10000,安徽,芜湖
Anhui ,2030,Fuyang City,341200,8000,安徽,阜阳
Anhui ,2030,Fuyang City,341200,4000,安徽,阜阳
Jiangxi ,2030,Ganzhou City,360700,8000,江西,赣州
Shandong ,2030,Dezhou City,371400,10000,山东,德州
Shandong ,2030,Dezhou City,371400,10000,山东,德州
Jiangxi ,2030,Ganzhou City,360700,78000,江西,赣州
Hubei ,2030,Xiantao City,429004,20000,湖北,仙桃
Anhui ,2030,Fuyang City,341200,7200,安徽,阜阳
Anhui ,2030,Fuyang City,341200,6800,安徽,阜阳
Hunan ,2030,Yiyang City,430900,2000,湖南,益阳
Hunan ,2030,Huaihua City,431200,25000,湖南,怀化
Hunan ,2030,Huaihua City,431200,25000,湖南,怀化
Jiangxi ,2030,Ganzhou City,360700,50000,江西,赣州
Sichuan ,2030,Suining City,510900,100000,四川,遂宁
Shandong ,2030,Tai'an City,370900,10000,山东,泰安
Guangdong ,2030,Zhuhai City,440400,50000,广东,珠海
Hunan ,2030,Yueyang City,430600,10000,湖南,岳阳
Shanxi ,2030,Lvliang City,141100,50000,山西,吕梁
Hubei ,2030,Wuhan City,420100,20000,湖北,武汉
Guangdong ,2030,Guangzhou City,440100,15000,广东,广州
Guangdong ,2030,Jiangmen City,440700,300000,广东,江门
Sichuan ,2030,Yibin City,511500,100000,四川,宜宾
Shandong ,2030,Linyi City,371300,60000,山东,临沂
Inner Mongolia,2030,Ulanqab City,150900,25000,内蒙古,乌兰察布
Chongqing,2030,Chongqing City,500000,50000,重庆,重庆
Jiangsu ,2030,Lianyungang City,320700,8000,江苏,连云港
Guangdong ,2030,Huizhou City,441300,80000,广东,惠州
Guangxi ,2030,Nanning City,450100,70000,广西,南宁
Jiangxi ,2030,Ganzhou City,360700,150000,江西,赣州
Hunan ,2030,Chenzhou City,431000,100000,湖南,郴州
Anhui ,2030,Hefei City,340100,6000,安徽,合肥
Guangdong ,2030,Shaoguan City,440200,8000,广东,韶关
Henan ,2030,Sanmenxia City,411200,30000,河南,三门峡
Hunan ,2030,Changsha City,430100,100000,湖南,长沙
Fujian ,2030,Longyan City,350800,52570,福建,龙岩
Guangxi ,2030,Nanning City,450100,15300,广西,南宁
Guizhou ,2030,Tongren City,520600,6000,贵州,铜仁
Jiangxi ,2030,Yichun City (Jiangxi),360900,12000,江西,宜春
Sichuan ,2030,Zigong City,510300,30000,四川,自贡
Anhui ,2030,Chizhou City,341700,80000,安徽,池州
Jiangxi ,2030,Jiujiang City,360400,20000,江西,九江
Hunan ,2030,Changsha City,430100,4000,湖南,长沙
Jiangxi ,2030,Ganzhou City,360700,30000,江西,赣州
Hubei ,2030,Jingzhou City,421000,15000,湖北,荆州
Zhejiang ,2030,Huzhou City,330500,25000,浙江,湖州
Zhejiang ,2030,Lishui City,331100,15000,浙江,丽水
Zhejiang ,2030,Jinhua City,330700,30000,浙江,金华
Zhejiang ,2030,Hangzhou City,330100,14000,浙江,杭州
Zhejiang ,2030,Hangzhou City,330100,51320,浙江,杭州
Zhejiang ,2030,Quzhou City,330800,64680,浙江,衢州
Jiangxi ,2030,Ganzhou City,360700,10000,江西,赣州
Jiangxi ,2030,Ganzhou City,360700,40000,江西,赣州
Hubei ,2030,Jingmen City,420800,100000,湖北,荆门
Guangdong ,2030,Zhuhai City,440400,10000,广东,珠海
Henan ,2030,Luoyang City,410300,2000,河南,洛阳
Guangdong ,2030,Zhuhai City,440400,30000,广东,珠海
Hunan ,2030,Changsha City,430100,530,湖南,长沙
Hunan ,2030,Changsha City,430100,3262,湖南,长沙
Hunan ,2030,Changsha City,430100,50000,湖南,长沙
Hunan ,2030,Changsha City,430100,50000,湖南,长沙
Jiangxi ,2030,Ganzhou City,360700,13000,江西,赣州
Jiangxi ,2030,Ganzhou City,360700,20000,江西,赣州
Guangdong ,2030,Shenzhen City,440300,3000,广东,深圳
Jiangxi ,2030,Ganzhou City,360700,36000,江西,赣州
Jiangxi ,2030,Xinyu City,360500,30000,江西,新余
Jiangxi ,2030,Pingxiang City,360300,5000,江西,萍乡
Jiangxi ,2030,Shangrao City,361100,5000,江西,上饶
Jiangxi ,2030,Yichun City (Jiangxi),360900,30000,江西,宜春
Hunan ,2030,Hengyang City,430400,4416,湖南,衡阳
Hubei ,2030,Xiangyang City,420600,10000,湖北,襄阳
Guangdong ,2030,Shaoguan City,440200,3000,广东,韶关
Guizhou ,2030,Qiannan Buyi and Miao Autonomous Prefecture,522700,34000,贵州,黔南布依族苗族自治州
Anhui ,2030,Chuzhou City,341100,31000,安徽,滁州
Jiangsu ,2030,Wuxi City,320200,16000,江苏,无锡
Shaanxi ,2030,Yulin City (Shaanxi）,610800,15000,陕西,榆林
Fujian ,2030,Ningde City,350900,12000,福建,宁德
Henan ,2030,Zhengzhou City,410100,8000,河南,郑州
Gansu ,2030,Lanzhou City,620100,500,甘肃,兰州
Ningxia,2030,Yinchuan City,640100,100000,宁夏,银川
Sichuan ,2030,Suining City,510900,100000,四川,遂宁
Gansu ,2030,Jinchang City,620300,50000,甘肃,金昌
Gansu ,2030,Baiyin City,620400,800,甘肃,白银
Hubei ,2030,Jingmen City,420800,45000,湖北,荆门
Hunan ,2030,Changsha City,430100,120000,湖南,长沙
Anhui ,2030,Wuhu City,340200,500,安徽,芜湖
Anhui ,2030,Fuyang City,341200,11250,安徽,阜阳
Anhui ,2030,Fuyang City,341200,11250,安徽,阜阳
Anhui ,2030,Lu'an City,341500,12000,安徽,六安
Anhui ,2030,Lu'an City,341500,12000,安徽,六安
Fujian ,2030,Longyan City,350800,12570,福建,龙岩
Gansu ,2030,Lanzhou City,620100,5000,甘肃,兰州
Guangdong ,2030,Foshan City,440600,3000,广东,佛山
Guangxi ,2030,Qinzhou City,450700,10000,广西,钦州
Henan ,2030,Xinxiang City,410700,100000,河南,新乡
Hubei ,2030,Xiangyang City,420600,10000,湖北,襄阳
Hunan ,2030,Zhuzhou City,430200,6000,湖南,株洲
Hunan ,2030,Changsha City,430100,10000,湖南,长沙
Hunan ,2030,Hengyang City,430400,17000,湖南,衡阳
Hunan ,2030,Changde City,430700,100000,湖南,常德
Hunan ,2030,Changsha City,430100,100000,湖南,长沙
Jilin ,2030,Yanbian Korean Autonomous Prefecture,222400,60000,吉林,延边
Jiangxi ,2030,Ganzhou City,360700,25000,江西,赣州
Jiangxi ,2030,Yichun City (Jiangxi),360900,40000,江西,宜春
Jiangxi ,2030,Ganzhou City,360700,13000,江西,赣州
Jiangxi ,2030,Ganzhou City,360700,10000,江西,赣州
Jiangxi ,2030,Ganzhou City,360700,5000,江西,赣州
Jiangxi ,2030,Ganzhou City,360700,30000,江西,赣州
Jiangxi ,2030,Ganzhou City,360700,6000,江西,赣州
Jiangxi ,2030,Yichun City (Jiangxi),360900,10000,江西,宜春
Jiangxi ,2030,Shangrao City,361100,30000,江西,上饶
Shanghai,2030,Shanghai City,310000,10000,上海,上海
Yunnan ,2030,Qujing City,530300,10000,云南,曲靖
Guangdong ,2030,Foshan City,440600,120000,广东,佛山
